district,year,month,no2_mean,ndvi,ndbi,pressure,precip,wind_speed,temp_c
Central Delhi,2021,1,0.00028785147230182703,0.14090369905090522,-0.10021966391889262,99060.03235468279,0.03786898308620756,1.0796573729206163,13.576796641915848
East Delhi,2021,1,0.0003541250040750945,0.08886183922428961,-0.10615609520291935,99049.91382174494,0.035250675605797414,1.0946938363011842,13.668392058907614
New Delhi,2021,1,0.0002524057632479782,0.2066802782238172,-0.0679929443063981,98971.66032830464,0.036888285523208254,1.0356335387358269,13.680165644680415
North Delhi,2021,1,0.00018371265697287705,0.2096886878815934,-0.14155682700070799,99081.65384352126,0.0394890224540163,1.0430675535264742,13.47800521509015
North East Delhi,2021,1,0.0002533899535879831,0.09631278676363124,-0.07805911320441268,99059.28250197577,0.036728286460186374,1.0973226373114409,13.617099872114807
North West Delhi,2021,1,0.00021876124021466377,0.0699215943999144,-0.10440047160405813,99102.53313487062,0.03801893291108038,0.9991509514278695,13.550415874703333
Shahdara,2021,1,0.0002940293960956668,0.03849017146754046,-0.05444138836480738,99063.45567406267,0.03611567552551421,1.103405989211266,13.625284774147019
South Delhi,2021,1,0.00021537140603855655,0.2060581078637628,-0.04537970870539775,98768.2454525693,0.03331983332266909,1.0458013237364476,13.800585043396438
South East Delhi,2021,1,0.00031001466969632363,0.0998111750286351,-0.07756504351496894,98994.28902964789,0.032788538170340026,1.0676667589044238,13.788661718881258
South West Delhi,2021,1,0.00014191982788158477,0.4033337376413372,-0.21628963911642848,99110.43930846477,0.03809943925273899,0.9202117065405323,13.657210434284536
West Delhi,2021,1,0.00023485936893770056,0.11691278950321068,-0.08081338365542402,99111.13796814598,0.03803179968627358,1.0073199485135635,13.55939165703603
Central Delhi,2021,2,0.00028430478884380883,0.28237137459145956,-0.04760599828537859,98964.68743020101,0.007644623947400517,1.4236732516813824,18.28650438689425
East Delhi,2021,2,0.00036981053018210637,0.2369979466263475,-0.04138793722973357,98954.6760465575,0.00882312529395942,1.4323642212274956,18.29978857228332
New Delhi,2021,2,0.0002320094352135008,0.30212664763511754,0.0013124919485124264,98877.39426999232,0.005210189028252929,1.3493871430134337,18.463727114386643
North Delhi,2021,2,0.00015705622920691713,0.3801143500700325,-0.11152138876709082,98986.23072778482,0.006555683222482087,1.3763889767936006,18.14028612553375
North East Delhi,2021,2,0.00027325582080011974,0.21262367463981863,-0.023133808297225618,98963.90141312612,0.00874786102636842,1.4424250605222875,18.256007348967557
North West Delhi,2021,2,0.00016954911209068492,0.33757960861757264,-0.09980645233262891,99006.31811603614,0.004862994153084015,1.3005980986039691,18.298243264102837
Shahdara,2021,2,0.0003593328036598908,0.14878566208837396,-0.003741662508506589,98968.02714198358,0.00925445345493043,1.4484833625150837,18.242569551905092
South Delhi,2021,2,0.00019731838987754554,0.32029142768218005,0.028306530219290013,98677.29369502493,0.004617416660065212,1.3345803932713183,18.568419301503297
South East Delhi,2021,2,0.00031814039457190056,0.2453889115901242,-0.0014477148355452843,98899.95142133025,0.0071533937522988,1.379285871545836,18.464081563754917
South West Delhi,2021,2,0.00010531954318624993,0.45975349245888947,-0.1638572309419421,99012.84203373888,0.0031035579433150756,1.1656461767258852,18.542077957996696
West Delhi,2021,2,0.00019008342764078513,0.21357947996754614,-0.005482789737708965,99014.77927428157,0.004973864619992386,1.3142830296444892,18.31641145158278
Central Delhi,2021,3,0.00014127350259000052,0.26453078697518145,-0.0569633404642291,98590.48561126304,0.0065202277361763455,1.3974295096592955,24.030527813310016
East Delhi,2021,3,0.00016749297106785876,0.24680965329793167,-0.04850195854612136,98580.64248412588,0.006887532236211745,1.4158638221370528,24.08813973236937
New Delhi,2021,3,0.00011662272400982994,0.3010502156136644,-0.019305999521677733,98504.8540011582,0.007590234108173602,1.3263450126356622,24.34314366796417
North Delhi,2021,3,8.810001634154587e-05,0.3463973127302619,-0.09741759488659654,98611.65648806507,0.005874820542311242,1.3468818109637049,23.879731096069634
North East Delhi,2021,3,0.00013697492106319993,0.19945548659147672,-0.029627594289249225,98589.71693695193,0.006547779867375736,1.4202469062145346,24.011656214332447
North West Delhi,2021,3,9.415155415218287e-05,0.3455935276928156,-0.08338665102835018,98631.03498099743,0.006573501703261786,1.2782155801228459,24.123541153825386
Shahdara,2021,3,0.00016612759375318157,0.15003734054323686,-0.0032499605171630902,98593.76587858633,0.006544636940578719,1.4289408719776489,23.99400221290165
South Delhi,2021,3,9.696162891695735e-05,0.312674642801236,-0.0006196995980569634,98309.19663379833,0.008866655240763336,1.3157560401194635,24.524616212553724
South East Delhi,2021,3,0.0001462232750162683,0.23913164820432903,-0.017698160960701082,98527.00967021889,0.007933996646753424,1.3698859169857929,24.355208887079698
South West Delhi,2021,3,7.117873778873846e-05,0.41266342165326925,-0.11498842465499474,98637.08839316816,0.008086567084464941,1.1568562282438175,24.509459659572315
West Delhi,2021,3,0.00010522408670256022,0.2326822154289976,-0.014808736968226112,98639.29799786431,0.006605565690368217,1.2908588632964673,24.13955661540507
Central Delhi,2021,4,0.00010254382539757208,0.2650906058558112,-0.01971235554686044,98364.92060796315,0.005378347240335544,1.894603254931592,28.345981333843497
East Delhi,2021,4,0.0001265038030844302,0.26362652248611673,-0.03701304416381668,98354.12705751616,0.0046613458519793975,1.88554769374183,28.476798846365398
New Delhi,2021,4,9.995600092151853e-05,0.31012084685327873,-0.017812060681307276,98280.49637988512,0.004710154894091016,1.8907860867112691,28.6047041353267
North Delhi,2021,4,7.2567754066819e-05,0.21818506234336904,0.033235323687168916,98387.83631001477,0.005537676662250005,1.8656661460297583,28.153648440219115
North East Delhi,2021,4,9.480581257616899e-05,0.19099424764057057,0.01209442867344822,98363.65797947427,0.005032914795071085,1.8881523351946057,28.38343279693504
North West Delhi,2021,4,7.429051484668572e-05,0.20593823937279476,0.02930161416789301,98407.11837995391,0.004565995126338886,1.8449759194138122,28.341730636655143
Shahdara,2021,4,0.00011412385629058699,0.16844912037340237,0.01025139933509846,98367.43385873002,0.004869248655693927,1.8837755622169052,28.382445709133492
South Delhi,2021,4,9.397545855046185e-05,0.31141310580134357,0.011462090811374738,98086.04234167963,0.004505648756996329,1.899690820460126,28.800186844748964
South East Delhi,2021,4,0.00012010862522725031,0.26193869068229775,-0.01676397833748448,98300.26370690722,0.0043532792362821985,1.8904390151278319,28.735385102771545
South West Delhi,2021,4,7.033164318923976e-05,0.21829863943119596,0.04236513260622227,98413.94974443827,0.0030271461515030606,1.7861761672646566,28.58223593001196
West Delhi,2021,4,8.653527642315544e-05,0.21634755742449213,0.005481681670261335,98414.94754385318,0.0047070850143232385,1.854945726234207,28.368094908516355
Central Delhi,2021,5,8.025303911184463e-05,0.2416264366960043,-0.0163591508554633,97971.93424970005,0.08601666029219278,0.7708179322313471,29.589738728459622
East Delhi,2021,5,8.573042018764207e-05,0.24348674091649844,-0.03739074996507406,97966.02241350342,0.09041327435913522,0.7600245759801815,29.53086158503504
New Delhi,2021,5,7.481908919104819e-05,0.2929448186708705,-0.006894436077845156,97884.788287327,0.09201157934591404,0.7993525178797495,29.8067524476445
North Delhi,2021,5,7.067306108362219e-05,0.19377402285794584,0.04606549995093615,97987.62253210541,0.07475277295498492,0.7539697012471268,29.730982461742883
North East Delhi,2021,5,7.533311937257818e-05,0.1726179561467198,0.018711969979882392,97973.8578176382,0.08693195694758701,0.7530493644535327,29.538074895665886
North West Delhi,2021,5,7.022507764277344e-05,0.17972041599126692,0.06065893966652218,98003.44480701938,0.0771514163192464,0.7551281808032007,29.910138410314346
Shahdara,2021,5,8.397547240784484e-05,0.15559874632965462,0.018867052899467798,97978.94388951172,0.08716378574808602,0.7458208721878753,29.500884356502127
South Delhi,2021,5,6.377270876611283e-05,0.2891732859307081,0.021116444913073705,97695.39125542654,0.1017236995543359,0.8310160128659034,29.751072560433954
South East Delhi,2021,5,7.71975299216657e-05,0.2402117505480771,-0.006367665328021692,97912.3574704781,0.09923500910663134,0.8099253081697685,29.634630135273937
South West Delhi,2021,5,5.8227635303245974e-05,0.1927189870141642,0.08384606149518252,98004.84302527393,0.08070568990725088,0.7255379134462653,30.219056058857063
West Delhi,2021,5,7.364416287976235e-05,0.21018473716350788,0.021475730088974444,98012.15428334582,0.07882629687655081,0.7630955381006891,29.890931306237576
Central Delhi,2021,6,0.00010345173133154176,0.26869890750357206,-0.046830895870767025,97584.70280710793,0.03148518250491912,0.3132609702728092,32.05770728248086
East Delhi,2021,6,0.00012083046233879029,0.25994677258252985,-0.05527153694830271,97579.03792950042,0.03397290978523991,0.33445345543500576,31.97879181770537
New Delhi,2021,6,9.663320628387482e-05,0.34707839111956607,-0.0646397499153293,97499.37459249872,0.0266638627525429,0.25121168037903613,32.32982901074928
North Delhi,2021,6,7.550955017359643e-05,0.24540111229767514,0.003330720687852069,97599.80822570808,0.02714310330087347,0.277699646714338,32.199156137705074
North East Delhi,2021,6,9.633561219909286e-05,0.19637854939684068,-0.0038580704153743143,97586.62981312576,0.033818391458411284,0.3325037034837717,31.97852253939601
North West Delhi,2021,6,7.889398556593498e-05,0.22071435737654246,0.016474871537375868,97615.89636819775,0.02318841156203998,0.22244344787356937,32.44400406103023
Shahdara,2021,6,0.00011322928521526742,0.1532483770735544,0.01089745904095711,97591.6354303061,0.034750371397191726,0.34278274851423907,31.93521185050008
South Delhi,2021,6,9.144888041020264e-05,0.3798566545172112,-0.057694605000520004,97313.10241864472,0.02659602491920506,0.25276764638955385,32.3217011009109
South East Delhi,2021,6,0.00011170646180175552,0.2760276465367468,-0.04160738955023864,97526.54878797743,0.030870168993021807,0.31052045435069753,32.132626038203114
South West Delhi,2021,6,6.572234118455751e-05,0.2619353164863512,0.014616440431970804,97618.58406533072,0.01867759438170625,0.1694964984262066,32.79517584134629
West Delhi,2021,6,8.826065776247963e-05,0.22976999958920796,-0.005280483503215316,97624.47081749598,0.023849625642015492,0.23107183035755582,32.4233263777773
New Delhi,2021,7,9.322727309753854e-05,0.26031194627027787,-0.015989097159152827,97390.8983334093,0.26191079086321306,0.5497801182311194,31.130779356248524
North Delhi,2021,7,7.094337940043266e-05,0.25722332030972533,-0.0283397773885349,97489.96513306655,0.29043307375062566,0.6343729295684771,31.138027367526036
North West Delhi,2021,7,8.0670725802857e-05,0.22069669831491387,0.005233436640432181,97506.78813174216,0.26626117492138285,0.5631460067839736,31.265402823657894
South Delhi,2021,7,8.210910243412989e-05,0.27651040879622374,0.0038599273709308494,97205.3585560562,0.25741981314581674,0.5005176748762857,31.050843667895606
South West Delhi,2021,7,6.52100540996666e-05,0.2581826814832589,-0.016509154079048644,97510.35075796623,0.23314969865092336,0.4816718399263049,31.480642507399523
West Delhi,2021,7,9.124603487588228e-05,0.20947461548323879,-0.011667195455690796,97515.40256040066,0.267083892366902,0.5669512231715604,31.249891912952762
Central Delhi,2021,8,7.526558231176411e-05,0.29276865742224534,-0.07865919018212869,97724.61320295765,0.1068738204712287,0.32959151051113883,29.203006926248065
East Delhi,2021,8,0.00010329656914155101,0.28357259821474234,-0.07971952553196865,97718.50258519304,0.11546646053454376,0.305709135383589,29.133888879704557
New Delhi,2021,8,6.487764925878685e-05,0.41914527708761645,-0.1222463523228568,97641.56239445708,0.1096225288870055,0.3411974106903207,29.25858350294294
North Delhi,2021,8,4.5168867599900775e-05,0.3767010066382069,-0.09915665709359131,97739.96784405234,0.09439945511122565,0.3589558277870509,29.328941141077337
North East Delhi,2021,8,7.487404359872369e-05,0.2372606384542436,-0.02570769147311177,97725.80197547206,0.11089530483515161,0.31756057266655224,29.15802329246901
North West Delhi,2021,8,5.3481442283656386e-05,0.2695086942582399,-0.05471220173443213,97758.34897933468,0.09648875735476502,0.3703504794345246,29.426435097597903
Shahdara,2021,8,9.787191767991695e-05,0.15704981151897923,-0.01940899177234908,97730.49709258963,0.1125991932861414,0.3122056643898379,29.137221403508192
South Delhi,2021,8,5.872762850009863e-05,0.522482932952762,-0.15637586631028033,97455.30916657977,0.12069597396733148,0.32470633715752556,29.099688033953896
South East Delhi,2021,8,9.034037672714173e-05,0.32967104708512257,-0.0966708331995704,97667.89749123943,0.12251038912148125,0.29400618464323014,29.129080145113676
South West Delhi,2021,8,4.480255034567293e-05,0.32887755703889704,-0.049857063826355304,97763.90250780695,0.09661701259924924,0.4125760445593216,29.598768935705152
West Delhi,2021,8,6.0894062736747705e-05,0.2637137941388149,-0.039491268450832555,97766.93054470581,0.09785030531530389,0.36559711642917275,29.41107449894338
North Delhi,2021,9,7.067022567927849e-05,0.16899378495002884,-0.18285578806456812,98069.46979061121,0.19482962931391762,1.8673274255412822,27.485206016916663
Central Delhi,2021,10,0.00015583171045911804,0.34757019210515677,-0.08691069170147375,98461.00602535403,0.07191331904561364,1.2430111174361702,24.577987468038884
East Delhi,2021,10,0.0002128163867329389,0.32502569760173444,-0.10265038925975836,98452.37406185547,0.07211886473822189,1.2528743481882696,24.521069410053315
New Delhi,2021,10,0.00015197142606221972,0.47695844188813324,-0.13525034125340823,98377.59961842347,0.06772707047294328,1.2052731792651534,24.641871469218813
North Delhi,2021,10,8.889755714042697e-05,0.37557056342613876,-0.06184752056118252,98479.94710616552,0.07014348336910473,1.2260946297490734,24.626432193981998
North East Delhi,2021,10,0.0001391396463845218,0.249999986208207,-0.03388157579453766,98460.62131176639,0.07269426045837939,1.2540687362717327,24.5240312226843
North West Delhi,2021,10,9.931506785138198e-05,0.30370563582617666,-0.050394643827361384,98500.20497004048,0.06628489849176906,1.192696976403942,24.72608370499836
Shahdara,2021,10,0.00017560424340231357,0.22963697200765182,-0.029434877037420343,98464.74680666713,0.07300517972935475,1.258931043146097,24.506400444974588
South Delhi,2021,10,0.00012474509897405088,0.5504808940432874,-0.16420824594961822,98185.36418668553,0.06632512623602638,1.2018291598857678,24.52728101018181
South East Delhi,2021,10,0.00019345271132087055,0.3841798081222814,-0.1064768960762264,98400.81011679747,0.06932274600606547,1.2319725426666936,24.568716962729354
South West Delhi,2021,10,8.072602171557926e-05,0.3456931212551296,-0.035036907125294406,98507.75440241318,0.06126874332379466,1.1156530602440624,24.92243103846505
West Delhi,2021,10,0.00012408584261063701,0.2973604295930425,-0.054263052912724784,98508.60900729251,0.0668193876361765,1.1978541374744294,24.72111155855424
Central Delhi,2021,11,0.0002426520583823704,0.21761423838524188,-0.10022287465234193,98900.97104012013,7.482201576151123e-05,0.9788474814988812,18.998764774717188
East Delhi,2021,11,0.00028529822018012805,0.2211292589154587,-0.11907574378712703,98891.93974063099,6.863802244755013e-05,0.9792778262177894,18.929129470299074
New Delhi,2021,11,0.0002268159339683231,0.3156248725461764,-0.13638114437840188,98813.73590951906,5.338954284580273e-05,0.902085603879878,19.18895592367113
North Delhi,2021,11,0.00015129181627796667,0.20636497147915964,-0.04395836622281918,98920.74043246775,7.834964344995462e-05,0.9791321397115696,18.993329835657732
North East Delhi,2021,11,0.00020819974267864352,0.157999879923731,-0.06390413528845948,98900.80766859662,7.595715355100445e-05,0.9964796649147369,18.903736701315154
North West Delhi,2021,11,0.00016816907808725817,0.197786395777102,-0.06682014629448471,98940.33100380148,6.144165437601047e-05,0.9135721571864938,19.183162452434715
Shahdara,2021,11,0.00025760310595922595,0.133559863849607,-0.05871120968251978,98905.14185346087,7.615553869559112e-05,1.0037795709679889,18.876423526181668
South Delhi,2021,11,0.0001582446203190204,0.40389311675414125,-0.15735006019228473,98615.5483070422,3.752984450612914e-05,0.8690337945359585,19.175149884571056
South East Delhi,2021,11,0.00026236669750071093,0.26107944902494984,-0.111771434824897,98837.5664143105,4.69868150744901e-05,0.9095371996609247,19.096096821134097
South West Delhi,2021,11,0.00011855816137042803,0.28158033592725223,-0.12468923600106295,98946.32889431156,4.442144537228849e-05,0.8079518725705208,19.476992258135624
West Delhi,2021,11,0.00019973026004858725,0.17291563515547848,-0.07806457803095258,98948.96849642716,6.180236688821207e-05,0.9173997688359998,19.182227938944266
Central Delhi,2021,12,0.00020441034524673114,0.22806651159753644,-0.09269442207445151,99310.07911797734,0.012273884096042477,1.2037564078075713,14.57646195216779
East Delhi,2021,12,0.0002549723546203211,0.20009926513406825,-0.11234279172526623,99299.54562397166,0.012957369107530562,1.2214931277604568,14.551143976932224
New Delhi,2021,12,0.00017675799166248248,0.32227352331467113,-0.10403310014096392,99221.51033762119,0.013632601056167598,1.1528529584843699,14.634796704615383
North Delhi,2021,12,0.0001467142506863728,0.3163002066599317,-0.09265170282124928,99332.27721762983,0.010210221354399843,1.1665511053990385,14.507461615271382
North East Delhi,2021,12,0.00017910365612731078,0.1764434411690595,-0.07407010407961877,99309.11921616866,0.012382890710239396,1.2207906452447947,14.534473600227273
North West Delhi,2021,12,0.0001529262136803767,0.3007163653137592,-0.10849635376930288,99352.8721673532,0.01086764476464587,1.112705567567511,14.585663657635735
Shahdara,2021,12,0.00022142087338110876,0.1282774807730931,-0.059472041574304677,99313.21926099998,0.012374575257918033,1.2283114174872496,14.52485590741071
South Delhi,2021,12,0.0001449230949968063,0.3612087233756644,-0.11802528691096416,99017.87866685879,0.015695436889318737,1.1640705773589186,14.612632822563171
South East Delhi,2021,12,0.00022744737311958547,0.22592171295272148,-0.09345520201230452,99243.68122569844,0.014612985786672236,1.2024678352739413,14.627839480164255
South West Delhi,2021,12,0.00010111133995214998,0.4274704654972071,-0.19097796372683268,99359.87975269658,0.011739233249206737,0.9930911954046372,14.711243253526845
West Delhi,2021,12,0.0001653464323413768,0.20447469397671086,-0.06588375283606382,99361.42292424639,0.011165330173180756,1.1235215404824137,14.59634648920013
Central Delhi,2022,1,0.00022589081382004528,0.33620694689264324,-0.08408270044167211,99099.31443582506,0.09243174884037021,0.7127387014395482,12.737905594209735
East Delhi,2022,1,0.00036681484094173126,0.29329023390944375,-0.08555941418415972,99090.06989971497,0.08693855800145411,0.7042360776390145,12.751110599674917
New Delhi,2022,1,0.0002263709172959304,0.4246811449940335,-0.06218419928116967,99010.47403679794,0.09132378481826767,0.6923237687787448,12.750299917939799
North Delhi,2022,1,0.0001004851400088405,0.4753257482743969,-0.16216332693245034,99119.77962265743,0.09969410783178431,0.7157157606098714,12.701965296929814
North East Delhi,2022,1,0.00019877589992339602,0.25787608011999824,-0.06094464016383003,99098.99973860463,0.08972043049715867,0.7131044911894858,12.739775991116232
North West Delhi,2022,1,0.000133578125238866,0.4099172219712281,-0.1490931835084645,99140.5171443386,0.09884657469892562,0.6943851998205255,12.735908058231587
Shahdara,2022,1,0.0002820664000195553,0.201204135917071,-0.01855502546191038,99103.40970874472,0.08851131815541571,0.7122923085274621,12.740900264276547
South Delhi,2022,1,0.00018380602317974866,0.4711346748504034,-0.05524302894508862,98807.38176166033,0.08537740624824225,0.6896320611582256,12.701808025344576
South East Delhi,2022,1,0.0003245113110100445,0.33757849218333474,-0.04524618121595396,99034.91273881528,0.08330317037967083,0.6844007015454298,12.770155127037526
South West Delhi,2022,1,0.00010094680322407885,0.5392582872526046,-0.23404992055574358,99147.71708806966,0.09656101494595999,0.637897089530174,12.816099728318648
West Delhi,2022,1,0.00018746517769577733,0.28990092224347697,-0.05582754858221999,99149.30698542063,0.09818849647100147,0.6968881738646605,12.74098726931578
Central Delhi,2022,2,0.00022307804101498748,0.3230817555915605,-0.0679912806794909,98835.29120475492,0.03702644578233657,0.5342270910354258,15.533478646503738
East Delhi,2022,2,0.000301156384733821,0.28682511170090763,-0.062439293440271215,98826.70835947122,0.03766440960759528,0.5381070020608749,15.51530950386541
New Delhi,2022,2,0.00019449270081246166,0.392126580614104,-0.039086336354393535,98746.2767652332,0.029031850680097754,0.5338618584517343,15.657338817407094
North Delhi,2022,2,0.00012419159770005728,0.46105085268572393,-0.1524368685802541,98854.87422111651,0.0370051225632236,0.5227232144325914,15.513767123958985
North East Delhi,2022,2,0.00021564112536849304,0.244420003608746,-0.04248935700005046,98835.48958446205,0.038906158842324796,0.5376043058867553,15.505514752815259
North West Delhi,2022,2,0.00013810437900714997,0.4004311187943937,-0.12183219753961884,98874.22202364917,0.031100477043357257,0.5158135842599344,15.63109937270093
Shahdara,2022,2,0.0002836822194251506,0.18880424016434355,-0.00033863227961289876,98840.07079252372,0.03975937386469788,0.5387467983036696,15.491784080569914
South Delhi,2022,2,0.00015526344187974516,0.42339972021223854,-0.025887830421292984,98545.45260208203,0.024397922547673225,0.5418165621046068,15.638997799226615
South East Delhi,2022,2,0.00023985672771520265,0.3073489533280189,-0.028696908628381267,98771.46655572383,0.030888453133313978,0.5381592483930606,15.589180677764261
South West Delhi,2022,2,9.109103849448767e-05,0.48632661737082095,-0.17905279618109834,98879.24252831335,0.02380733402414895,0.49355137920755604,15.845645875494426
West Delhi,2022,2,0.00015972020334049168,0.2783584400157501,-0.032740248741708056,98883.03276473102,0.03124952030745207,0.5191320061477059,15.63368925482149
Central Delhi,2022,3,0.00013739772096882263,0.30113132825148436,-0.05299150208949128,98500.03645115186,0.00396853376222732,1.645768043289417,24.164351681288224
East Delhi,2022,3,0.00017633466702343507,0.280123481436053,-0.042686954653751594,98490.28367337407,0.003429732597307931,1.6565759222528254,24.10562251285137
New Delhi,2022,3,0.0001230364882919876,0.37790853438535554,-0.055720156201258836,98416.31142377049,0.0041504295794436204,1.5994040929680802,24.39613514814897
North Delhi,2022,3,8.554571082361965e-05,0.40289689944479257,-0.10894595448359784,98520.80909587021,0.0042904127557065,1.6143984778791987,24.05783909370814
North East Delhi,2022,3,0.00012486622308868184,0.222292863567428,-0.01820015733747748,98498.97039549609,0.003576744292824292,1.6630779392701214,24.06858794784506
North West Delhi,2022,3,8.971896659359805e-05,0.327710668299463,-0.0635269696312785,98541.29068521594,0.004216978631884906,1.5694092596567677,24.28497836134551
Shahdara,2022,3,0.0001550337118176744,0.15745881914466592,0.014357826010067392,98502.87065787395,0.003397184017324194,1.6689985877659725,24.045268666632808
South Delhi,2022,3,0.00010281625314821607,0.44056903914703666,-0.06457270797229113,98222.1973861413,0.004045901573138009,1.5953061283026813,24.46046593576142
South East Delhi,2022,3,0.00015635198718896766,0.294347516680063,-0.02991612421813573,98438.28908845165,0.003634375494256707,1.6185602739771794,24.288874965146135
South West Delhi,2022,3,6.978400391820554e-05,0.36205543521529676,-0.05505039599710907,98548.50796971482,0.0029711712543769144,1.4971872069007004,24.643231114110904
West Delhi,2022,3,9.948994043154078e-05,0.24974498889092628,-0.022949093431212864,98549.55870612984,0.004281493694887541,1.576852248028965,24.29658282354353
Central Delhi,2022,4,0.00012101633764707074,0.2907694272930359,-0.027213083459688987,98073.10014132927,0.0017052354582615971,1.5210390956772597,30.67376773334047
East Delhi,2022,4,0.00016116401585078354,0.2923083678839938,-0.03943169064235483,98064.53879501169,0.0025510631514882903,1.5457637158030952,30.61737809820653
New Delhi,2022,4,0.00011788198798960726,0.36787429846363057,-0.05618334558719315,97990.0179565834,0.0016822853585027621,1.5524035943707561,30.998499238846136
North Delhi,2022,4,8.232603642097817e-05,0.2601211193337124,0.020606765631120016,98092.11077563415,0.0006646970160667621,1.4720044385510338,30.60042040073091
North East Delhi,2022,4,0.00011323950020304744,0.22209933996874912,0.0037567772590431257,98072.89398202578,0.0023694663437443917,1.5321662534891487,30.571148475679934
North West Delhi,2022,4,8.6269854354935e-05,0.23259366282127292,0.02438752041173561,98111.04480794273,0.0008925114932093815,1.4966499672514535,30.89538984408324
Shahdara,2022,4,0.0001390886363030004,0.18580301563829602,0.0063834598125174485,98077.03988517533,0.0025794359209162896,1.5347311696667274,30.534994642113134
South Delhi,2022,4,0.0001136890503874387,0.4054061671256301,-0.05537988851374664,97800.70100446249,0.0020042748043097984,1.5926815458134962,31.079661739100857
South East Delhi,2022,4,0.0001496146308574079,0.30134803170652763,-0.03727256057404573,98012.9008942522,0.0021113969802558225,1.5686449617832492,30.867865641154935
South West Delhi,2022,4,7.819074360148385e-05,0.24992578743977203,0.03460159590123741,98117.54380363003,0.0012546043800647209,1.5205594172105223,31.310167989909587
West Delhi,2022,4,9.567320745959691e-05,0.24202473092496155,-0.0048909908945598555,98119.25740808497,0.0009248019043188499,1.50141907586156,30.904882406867102
Central Delhi,2022,5,0.00011236583082594641,0.2866496777389533,-0.004980538528857711,97636.52252315701,0.03323047388384354,1.2458667713756988,32.17502474345008
East Delhi,2022,5,0.00012585951377389588,0.2901696271218777,-0.01793826980461087,97631.83947409013,0.032073744058688514,1.2406129100923826,32.16713024969681
New Delhi,2022,5,0.00010854804684251156,0.35321779443081264,-0.029348316273212917,97547.82739891202,0.028236028499264716,1.0978959407736295,32.57037303499544
North Delhi,2022,5,8.765933094014369e-05,0.247795153267857,0.042569778637375925,97650.32384748336,0.03265582996247353,1.230195981063368,32.2348383845881
North East Delhi,2022,5,0.00010861252962624256,0.21578047022991156,0.02916694250504172,97639.47902072771,0.03342657728357989,1.2592736534983662,32.121941938160376
North West Delhi,2022,5,9.303582064860957e-05,0.22676678409227588,0.04259155851387317,97663.73487523031,0.027110912380883777,1.089486462749152,32.58156040334512
Shahdara,2022,5,0.0001245420757044273,0.18825143316673384,0.035198199514495994,97644.97991942747,0.03339953499669647,1.2673975926508874,32.084064996524035
South Delhi,2022,5,9.203995418606873e-05,0.383197044195978,-0.021563027715232358,97360.81814174553,0.025941080152382816,1.0506222467396145,32.65041508682282
South East Delhi,2022,5,0.00011609986021161639,0.28440048574657134,-0.0035130210829311414,97577.49414197508,0.028272329495464273,1.1663768151735219,32.42217139377391
South West Delhi,2022,5,7.892910989478837e-05,0.24191629032075992,0.05061758511270164,97662.04957404498,0.019477464252855674,0.8440358031593184,33.12826303211824
West Delhi,2022,5,0.00010245022614681168,0.24515248532122888,0.012550644683285001,97672.65004363582,0.027729995485166876,1.1052783661218462,32.56071968120631
Central Delhi,2022,6,9.607143176287484e-05,0.29687776868267607,-0.04884524627883501,97502.24112109709,0.08413020635026024,1.209194238264028,33.33314248877116
East Delhi,2022,6,0.00012258195584348395,0.31099601620720596,-0.08082641991151718,97495.24395421754,0.07759208883600073,1.206655412666031,33.310944321000306
New Delhi,2022,6,0.00010525330952863728,0.37556323822315707,-0.07118310923387218,97420.14827363144,0.08125419873139343,1.3194026474904004,33.64938324759197
North Delhi,2022,6,6.839809827742819e-05,0.26270401225171025,-0.007503712583949139,97518.95124085351,0.09503099376361215,1.1996898584845839,33.341913684856536
North East Delhi,2022,6,8.832516731546487e-05,0.22099651572147935,-0.014818874302836764,97502.90083086821,0.08155080604207034,1.1933369412782358,33.26286933409227
North West Delhi,2022,6,7.608837990159737e-05,0.22114596101829714,0.013248321717784804,97537.19088130089,0.09237626513040355,1.288903423257255,33.62070589102092
Shahdara,2022,6,0.00010680601618744035,0.19567488509130465,-0.010856441416709012,97507.3446573006,0.08035033805579464,1.1837482833456259,33.22834281228165
South Delhi,2022,6,9.694556221440727e-05,0.43772915271782337,-0.09201304403773168,97235.21222688675,0.07168259688045185,1.3750138226424533,33.73865970728491
South East Delhi,2022,6,0.00012254509216551863,0.3161701015751179,-0.061366317684310105,97444.76438833083,0.07028372089342615,1.2750669814151505,33.56783877842014
South West Delhi,2022,6,7.36876045819729e-05,0.2636771472309323,0.008632286569982708,97543.3986192027,0.0924732848203952,1.4396777806278556,33.964255341341016
West Delhi,2022,6,9.013973934285095e-05,0.2331224051938976,-0.01777314008314648,97545.47903923682,0.09108772448439006,1.2842981028438327,33.618420203998085
Central Delhi,2022,7,9.607797525584454e-05,0.30252907861691963,-0.05821244568954647,97653.02472964594,0.19725734198263167,1.7720470022819248,29.428450926379753
East Delhi,2022,7,8.987930580598128e-05,0.2544746227542731,-0.07091193222492123,97646.67880001217,0.19858519063403168,1.7692327558057175,29.46574590779875
New Delhi,2022,7,7.64744065116731e-05,0.3641771550834107,-0.07551247479096174,97566.89793681902,0.1975820101537135,1.7082997613214366,29.474331152485547
North Delhi,2022,7,7.686112254575151e-05,0.30315834510170303,-0.06147767073214556,97669.40565333016,0.20351127817463702,1.7545782547830158,29.469993993954063
North East Delhi,2022,7,9.49556252210944e-05,0.1874755394107644,-0.013245405346558652,97654.71114537254,0.19966663855442546,1.7801997426035003,29.450261930558725
North West Delhi,2022,7,9.039447391764638e-05,0.20188804852841594,-0.033961752234450984,97685.40868217291,0.20736160520182903,1.6945152069864016,29.532927354070807
Shahdara,2022,7,0.00010907568497479856,0.1512419057422938,0.012319041207819249,97659.62269839009,0.20048188198517142,1.7835494753127217,29.449687076408054
South Delhi,2022,7,5.414485356331363e-05,0.3961530027991656,-0.09928104194801413,97378.0558578542,0.1904706488924084,1.6793047688412708,29.435584543850666
South East Delhi,2022,7,7.04394087908523e-05,0.3050230429532271,-0.05863437328694387,97592.96684757824,0.1910737681647005,1.7260603814868496,29.51495923805527
South West Delhi,2022,7,6.377496888305574e-05,0.16117727231060705,-0.08732192708362628,97687.42517978486,0.22150410049980368,1.6216504650441717,29.649203835974845
West Delhi,2022,7,9.388589695044889e-05,0.1698958738808363,-0.03925580676615366,97693.9290001447,0.20508911865249663,1.7016065812048025,29.528469636918942
Central Delhi,2022,8,6.716207425451012e-05,0.25072851861739803,-0.06261407699368192,97725.60769050714,0.0968571255012794,0.5170701704013841,28.715560920818234
East Delhi,2022,8,8.421043827532705e-05,0.16920802662360496,-0.05639111850957835,97718.39523942981,0.0939000094395791,0.5295159961041469,28.72191852856713
New Delhi,2022,8,6.611593845482397e-05,0.42169625749227496,-0.11189695506145739,97641.31497856075,0.09370498249742956,0.4901927612563472,28.734156760218127
North Delhi,2022,8,4.765101979789535e-05,0.4237183176669431,-0.09829178361418728,97742.99177062456,0.09699703434735119,0.5028362611350808,28.74710203871041
North East Delhi,2022,8,5.715558585595761e-05,0.15728693548121608,0.0004202825745286165,97726.42906530968,0.09537430168414548,0.5274483666796035,28.71645200613682
North West Delhi,2022,8,5.413933305199911e-05,0.23013182087992112,-0.00670956435791588,97760.73543339531,0.09177516392043106,0.4822306588258884,28.808443044422688
Shahdara,2022,8,7.2565809808601e-05,0.056362704507281224,0.03451706615591098,97730.98230518994,0.09472442829276355,0.532719574420653,28.713401580678692
South Delhi,2022,8,5.6409984664200974e-05,0.5186291489796955,-0.1306123278660069,97452.52457758332,0.09338166240781039,0.4852758797821883,28.64976387273805
South East Delhi,2022,8,6.867899597453858e-05,0.314289760111906,-0.07208799658199404,97666.05592507921,0.09291313888148167,0.5174511547526996,28.74316119122244
South West Delhi,2022,8,5.259308135658125e-05,0.33219217003295426,-0.030865557024866284,97765.15942328256,0.08782589713246435,0.4606476853199705,28.897549876980747
West Delhi,2022,8,6.228993072852156e-05,0.21361289437640651,-0.006332973406962356,97769.12145606564,0.09250054984701943,0.4844416207188532,28.806553369253436
Central Delhi,2022,9,9.243410999942812e-05,0.19306486381158502,-0.08614846717985199,98017.24350779256,0.17426358917081308,0.674042383272417,28.182298361387325
East Delhi,2022,9,0.0001241118634493128,0.20670629654640163,-0.06981035910349631,98007.26792669421,0.17191253829835745,0.6855397917248327,28.11858890182674
New Delhi,2022,9,9.454849026343151e-05,0.3425587543991386,-0.11491902388707603,97931.98368655807,0.1593455834792614,0.688245861932749,28.30526087542239
North Delhi,2022,9,6.0274108343168685e-05,0.3307059438187157,-0.10507630183965527,98032.23862489394,0.1759082410280002,0.6502779572949395,28.163200056403696
North East Delhi,2022,9,8.251777025288782e-05,0.14139789656443524,-0.017886996110274982,98019.78276804376,0.1754634131211046,0.6744238800084839,28.094436025568086
North West Delhi,2022,9,7.087193448541892e-05,0.16719390492732852,-0.05230833496167855,98051.88366184747,0.1621494572156044,0.6562992594369016,28.327146356955325
Shahdara,2022,9,0.00010241496830720537,0.14843907258479908,-0.0027282140757978247,98022.80677914883,0.1760258904165321,0.6752246063752814,28.072168684748533
South Delhi,2022,9,8.714564230649928e-05,0.41299749282538234,-0.11982875017722774,97734.74213486788,0.14974469852047675,0.709670400814397,28.284438199400142
South East Delhi,2022,9,0.00011150464600486719,0.24799340318143806,-0.09288369478274516,97947.7107595486,0.1595082610401122,0.714858819395272,28.264832922920277
South West Delhi,2022,9,6.379600108601405e-05,0.23171730866381093,-0.06289907367665422,98048.91721991941,0.1478403889813114,0.6474963779031632,28.498800276414556
West Delhi,2022,9,8.308478756432866e-05,0.14103677338396028,-0.04520802310928967,98059.44208086487,0.16282597806208102,0.6607012881041332,28.333368115912094
Central Delhi,2022,10,0.00013267446813198483,0.3103316566444211,-0.08218753705577372,98650.72492198124,0.1541752718505407,0.5761567960823601,23.691354638464645
East Delhi,2022,10,0.00020148643281197887,0.27841404039730344,-0.0929173729891748,98640.167762792,0.1754536761379922,0.5878461482969208,23.63697511392212
New Delhi,2022,10,0.00014194159350065861,0.45809464767608876,-0.12219788660282947,98565.35413377946,0.15626735168725342,0.6240988617876192,23.729807467472654
North Delhi,2022,10,8.098858257584324e-05,0.37366432965475566,-0.05550229013117503,98666.25605994657,0.11930944791646536,0.5531383585168441,23.677538802810204
North East Delhi,2022,10,0.00011537814821951902,0.21152407837597387,-0.03001836503667632,98652.73281070571,0.16536767202873406,0.5677511169645585,23.627449410822123
North West Delhi,2022,10,8.139197418118293e-05,0.30432573585783884,-0.02075452372228595,98687.75004634779,0.11990207558541072,0.5807070773033987,23.77621209933494
Shahdara,2022,10,0.00014596335114405693,0.2138361583059118,-0.025139367560403896,98655.5731427746,0.16983012383012633,0.5652464681586394,23.613077673319253
South Delhi,2022,10,0.000129876427904853,0.5271327832676477,-0.14102353536964835,98364.75789689159,0.1803047474861277,0.6786989457736186,23.636243271394505
South East Delhi,2022,10,0.00019438020254797676,0.36012365374518096,-0.08649593593981059,98580.96397849459,0.18674945307333235,0.6564572473887132,23.70442448219029
South West Delhi,2022,10,7.66988113734778e-05,0.34569950774576025,-0.028995594822942474,98686.35400810395,0.11570186380824382,0.562277299912591,23.9206372752339
West Delhi,2022,10,9.743709055746072e-05,0.2807225342578746,-0.0327997613180766,98695.44288449554,0.12411063798861405,0.5859861222885677,23.78050747190258
Central Delhi,2022,11,0.0001569064512563941,0.2223943607784277,-0.06658543522481286,98964.81660675921,0.003405354743592913,1.3512813564635704,19.92986355664226
East Delhi,2022,11,0.00022294008715133086,0.21871422515023234,-0.07645038496933884,98953.20499543523,0.0032016939393997744,1.3701544347297627,19.878342885861457
New Delhi,2022,11,0.0001651071214168552,0.38260935041445615,-0.09804930191973317,98879.28996975656,0.00390787169907758,1.3012137486016448,20.047062173938116
North Delhi,2022,11,9.631724490848986e-05,0.2437574159122931,-0.02025032437205872,98981.45409109796,0.004163618719422972,1.314987904710118,19.921333525418788
North East Delhi,2022,11,0.00013822760497687146,0.1415858515172766,-0.034710340660349635,98966.16247692908,0.0033158541368522084,1.3661622778933107,19.864087981107843
North West Delhi,2022,11,9.836074594172717e-05,0.24624832549889145,-0.03121919728004538,99004.44590479825,0.004964233852057266,1.2642740824343746,20.049210183739262
Shahdara,2022,11,0.00016759577726088492,0.1347071906389127,-0.03077713105972268,98968.73287750276,0.003274015318695908,1.3733724708455903,19.843311585122365
South Delhi,2022,11,0.00015984965518052308,0.4707751327093231,-0.12216973372637904,98675.2379935195,0.0034988896863806383,1.3108667334322268,20.013028296790935
South East Delhi,2022,11,0.00023527170169584016,0.2924599565302808,-0.07179908528614859,98893.69087580603,0.0029876269975764964,1.3578814591425783,19.991248145936027
South West Delhi,2022,11,9.40155059686076e-05,0.3021460215881095,-0.045345266660911585,99004.76740936884,0.006794284143769242,1.1437566686952538,20.219054741251853
West Delhi,2022,11,0.0001225315154048309,0.20812414406319224,-0.02791445664493411,99012.17766947557,0.004736935160881673,1.274571397534648,20.05185788038358
Central Delhi,2022,12,0.00019620803285954174,0.27859353538290105,-0.04883106768138838,99057.9109670749,9.358685311019906e-05,2.172125924684465,14.937295688755967
East Delhi,2022,12,0.00027176868156505643,0.2671940436482809,-0.061445395651254675,99044.63340455687,8.342171484730052e-05,2.180612119921089,14.961398581341143
New Delhi,2022,12,0.00021034227339368673,0.3973296986730446,-0.07343193143544345,98972.39431098166,0.000110584995670561,2.136811883859556,15.043333010214269
North Delhi,2022,12,0.0001259468269589656,0.3470065116231347,-0.051153611300701715,99076.86570214071,0.00010246501558105522,2.139664618783944,14.856782602291673
North East Delhi,2022,12,0.0001735777363158749,0.2256922551965695,-0.024592446228400424,99058.23244007278,8.50816662903932e-05,2.1811100206781875,14.922385449264596
North West Delhi,2022,12,0.00012494445273145198,0.34464437748665494,-0.07890776602462629,99101.75267133478,0.000102615322518808,2.0961837347560204,14.946595823565929
Shahdara,2022,12,0.00021736956335958308,0.1775102485224781,-0.0039009763343588323,99060.39968761973,8.008056428688152e-05,2.184372000394503,14.918307334724375
South Delhi,2022,12,0.00020586008787768127,0.49719282634220774,-0.10444187084595313,98763.7964406463,0.0001173049000695316,2.151291117175057,15.11872485798142
South East Delhi,2022,12,0.00029106975148680706,0.3185342740807404,-0.05270732264418723,98984.52094329038,9.452491138485389e-05,2.170434307234565,15.093321525702663
South West Delhi,2022,12,0.00011912794864225018,0.4462072488496595,-0.13289425238001334,99104.67405142475,8.082957500360653e-05,2.0004289937275694,15.075886170231058
West Delhi,2022,12,0.00015361784854909445,0.24625757687667443,-0.02725655508879339,99109.31264781606,0.00010383863718345306,2.106025140336461,14.955292077431181
Central Delhi,2023,1,0.00024146655774021875,0.25655618561807086,-0.03330119694886941,99265.96041667071,0.02727428619252173,1.2047599179717579,12.58282840286995
East Delhi,2023,1,0.0003325877219217814,0.2333119068136334,-0.002608847310900226,99253.0851499134,0.026254415003301987,1.1945843920313524,12.636325337880635
New Delhi,2023,1,0.0002536544681779748,0.3123719351686906,-0.009307819265724398,99177.36564794509,0.0262335862214079,1.1893757052756646,12.598506030586918
North Delhi,2023,1,0.00017214191596633078,0.38641054613714115,-0.10686953157144234,99284.67631325292,0.028089842008085744,1.2041853089126808,12.473138962893643
North East Delhi,2023,1,0.0002227105621345014,0.20720599183483274,0.008009900697003323,99266.95495023088,0.026850128602915357,1.2009956911407387,12.607672920270886
North West Delhi,2023,1,0.00017181754299495423,0.33413942535088287,-0.10727124622821899,99308.24597733736,0.02675725120014591,1.175069828423208,12.498135709638802
Shahdara,2023,1,0.00028886064728821266,0.14014795392928328,0.026369775460588225,99269.4514167762,0.02663117405550176,1.1990480789765319,12.61697858634659
South Delhi,2023,1,0.000235821028566405,0.3735712229066319,-0.012538402039810418,98965.54542367435,0.02518673358112321,1.195696533494487,12.63561115337967
South East Delhi,2023,1,0.0003148435721470723,0.2513029928789931,0.006958518736777667,99190.81692993351,0.025176777791125354,1.1911507030497943,12.685204724782068
South West Delhi,2023,1,0.00015403241684606913,0.4154607940407631,-0.19064439892117918,99308.72677673683,0.02332836030313189,1.1000430331406612,12.548413940190244
West Delhi,2023,1,0.00020228776453913756,0.212287246286836,-0.026008624409967696,99316.00947261095,0.026876433760072264,1.180822525547849,12.511496123469328
Central Delhi,2023,2,0.00018438594071796676,0.3251928004127535,-0.07441959431612533,98922.14157568298,0.0006200091600900475,1.6337871525157037,18.634816611707095
East Delhi,2023,2,0.00024362356109925841,0.28392013517685644,-0.06308032090732368,98909.69586436205,0.000832242196960748,1.6535700463501957,18.680284201805307
New Delhi,2023,2,0.00015259883891843094,0.35877782623602145,-0.03284012295252353,98837.24944517993,0.001042370608862856,1.5817344277748675,18.75527475940669
North Delhi,2023,2,0.0001300350724312935,0.45168876448650225,-0.14903886386086007,98940.03608963315,0.00030601895240311744,1.5783939628781014,18.488697893748963
North East Delhi,2023,2,0.00017160075253868067,0.24301660088024063,-0.03774045834903067,98922.7575530089,0.0006201510523137341,1.6550884245593411,18.637917922615657
North West Delhi,2023,2,0.00011557601459200201,0.41325136249296474,-0.13262826993579738,98963.95841631708,0.0005817560023871482,1.5223861304244033,18.606534061995717
Shahdara,2023,2,0.00020877708680604873,0.1873688844843739,-0.00654588805601463,98925.07605116285,0.0006316128224231587,1.6626616393885714,18.63922643882205
South Delhi,2023,2,0.00013246263345754702,0.40045159041214096,-0.0307969021325857,98632.07293401171,0.0014421890987315917,1.5887988828903634,18.841751809007917
South East Delhi,2023,2,0.00021334377191053333,0.28758662649002875,-0.03400537560077691,98850.80671536192,0.0013724583631381545,1.6212887906678133,18.792104931915674
South West Delhi,2023,2,8.207415768333141e-05,0.52273834080526,-0.2088787178322924,98964.9974375325,0.0009914608845873842,1.4356793637343352,18.827487799868436
West Delhi,2023,2,0.0001237453076128076,0.2651946730815675,-0.029927243886727104,98971.59130154309,0.0006122471750631198,1.5344491077219455,18.619767976238677
Central Delhi,2023,3,0.00013040547113896524,0.31315100833256043,-0.04818359857427616,98783.85983586282,0.06752745532575102,0.8669576291038168,22.08206280579566
East Delhi,2023,3,0.00017019509064738388,0.29125136538453017,-0.03556678860500397,98772.42843574748,0.06922218035141035,0.9039926131901851,22.112481675591823
New Delhi,2023,3,0.00013059282787168168,0.37885486680066754,-0.019649443344190713,98697.37862478732,0.06896436624379045,0.8370355336890188,22.217393036168005
North Delhi,2023,3,7.97638188514879e-05,0.3996333857760217,-0.09293173422302853,98800.72802667733,0.06583129707511484,0.8097927780224771,21.97568146373021
North East Delhi,2023,3,0.00011761080643223985,0.23072277412359626,-0.007623710820792123,98785.47548235807,0.06887394575572621,0.8903769838512284,22.06999492260968
North West Delhi,2023,3,8.915948258971678e-05,0.35909629330167714,-0.06076750005523627,98822.26483093195,0.06793886661277856,0.7755634132119593,22.105841382132382
Shahdara,2023,3,0.000142528498062812,0.18260981641032886,0.012366528420944881,98788.19590063578,0.0692358958507867,0.9015426819142248,22.06517152070353
South Delhi,2023,3,0.00011628984613713842,0.41721400300776884,-0.022877105872980533,98493.9187799571,0.06965041670439664,0.8660476409793899,22.28287077618387
South East Delhi,2023,3,0.00016787526918940335,0.30259554350488715,-0.018982852578428317,98712.21574770786,0.06834293900145484,0.9100410268631806,22.248290749592343
South West Delhi,2023,3,6.965362877309302e-05,0.43101298806544663,-0.08510407784859757,98820.07796795203,0.07254708775405344,0.7052344146898931,22.34948509630101
West Delhi,2023,3,0.000105893009663729,0.27475856880817673,-0.002817671970937581,98829.93374650506,0.06772795757587517,0.786412255346962,22.11884752165264
Central Delhi,2023,4,0.0001219473883737323,0.30362317861352883,-0.04874130487144099,98411.72030867524,0.018587781424109974,1.1647577991156992,26.61022042525792
East Delhi,2023,4,0.00014949844807807112,0.2966778309016079,-0.062052985610129376,98400.43566840277,0.020102678905345023,1.1752767030671425,26.653550461809346
New Delhi,2023,4,0.00012066586648046784,0.39439657384200455,-0.06639060222778069,98326.85766012855,0.018752462366253508,1.1325011225973092,26.764163675511213
North Delhi,2023,4,7.524441325770247e-05,0.29417045776616535,0.004583116751575684,98428.22747313457,0.016672179614503364,1.135137683455126,26.53246488962094
North East Delhi,2023,4,0.00011141343489545774,0.23162057503418054,-0.015856838208836998,98413.26378059264,0.01946509269656315,1.1742173469362547,26.60664059537129
North West Delhi,2023,4,8.389983135371539e-05,0.2542245133989513,0.015792415369486883,98449.44781938457,0.017169069984935264,1.1026265405669968,26.68967484514377
Shahdara,2023,4,0.00013737709698616814,0.1965231165208332,-0.00701663953143364,98415.9150972709,0.019812317114216216,1.1784124241999405,26.60296268007596
South Delhi,2023,4,9.739905578148756e-05,0.4194234089475914,-0.051795425581554165,98127.08568436702,0.019864910907515628,1.1294406101448757,26.81563018448054
South East Delhi,2023,4,0.00013105421562545312,0.3042866914403799,-0.04416586190521749,98341.34700272817,0.020439208282257024,1.162285230920376,26.79820122612847
South West Delhi,2023,4,8.542814182149709e-05,0.28574938058283944,0.02348229071129119,98447.67037330632,0.016914111664662196,1.030500350651073,26.925893714032213
West Delhi,2023,4,0.00010560952830958854,0.26456446810605877,-0.018463554255169472,98456.98924956478,0.01732085937539104,1.1103717887898705,26.697126455155626
Central Delhi,2023,5,9.994160947878826e-05,0.3088230411429302,-0.0460916754576333,98127.93890871949,0.07085950743070947,0.7592237483796732,29.177743806950218
East Delhi,2023,5,0.00012246844025784226,0.30797575564679047,-0.053085501742890104,98117.9795001173,0.07327049618586254,0.7754826977224295,29.17977940648143
New Delhi,2023,5,0.00010430596733921567,0.37516734947164093,-0.04464866772825306,98043.75338244521,0.0722352988202462,0.8029962571943804,29.36362476082701
North Delhi,2023,5,7.3346170476696e-05,0.29326866267904195,8.93331595917804e-05,98142.62769416976,0.06718654162547302,0.7241140659455739,29.22514824002917
North East Delhi,2023,5,9.381907302477975e-05,0.22740187457657737,-0.0018854511064558236,98130.2630003927,0.07241846894575332,0.757586001673732,29.152977222753634
North West Delhi,2023,5,7.655795177499444e-05,0.24333280572563243,0.02475882970652071,98163.29849807802,0.06847065389733759,0.7510503571438079,29.37817375075616
Shahdara,2023,5,0.00011206735494865397,0.19142370958467186,0.014824287402992022,98133.18853490501,0.07289946291949813,0.7568259638951327,29.13063069170005
South Delhi,2023,5,9.091024701439014e-05,0.42049729908521694,-0.05632386328214899,97847.34200475209,0.07307036211542224,0.8538317003286356,29.395446596250565
South East Delhi,2023,5,0.00011779851593146316,0.32674195918806,-0.051958902222942645,98059.56755877376,0.07326192688590802,0.8283687615543228,29.35125321711996
South West Delhi,2023,5,6.871726252339945e-05,0.2587863489528186,0.04159739756076723,98161.80246784021,0.07417125454728393,0.766891683738432,29.566181467110823
West Delhi,2023,5,8.770057104676714e-05,0.26073023443900545,-0.0075807059344987675,98170.87940602256,0.06858414232351595,0.756170204324742,29.37636336467648
Central Delhi,2023,6,7.431196403004069e-05,0.32495231969515975,-0.05385647472114904,97664.96870751186,0.09189332052245086,1.0062987458158683,31.295072505686278
East Delhi,2023,6,9.920335487380666e-05,0.32258918351609467,-0.06093295355062462,97654.76623518318,0.09879429607591957,1.0365906841960943,31.291593259614103
New Delhi,2023,6,8.156491038151562e-05,0.3990105057806902,-0.06225520519044294,97583.81833767361,0.08239099816650096,1.0398080643778214,31.399996722426522
North Delhi,2023,6,5.250756104315111e-05,0.3023182092227774,-0.00813691917431703,97679.55305577695,0.08070545922274884,0.9540628333963428,31.360439993286604
North East Delhi,2023,6,6.924188604742849e-05,0.23961178014631243,-0.015228901263271269,97666.69188810511,0.09754550544039334,1.0151523184272722,31.27944797651668
North West Delhi,2023,6,5.712017117115179e-05,0.25827562673181814,0.015170190201441261,97701.1984113087,0.07275582184601652,0.9771072145723637,31.486849618962992
Shahdara,2023,6,8.111041726618683e-05,0.19859683123405342,0.008580620781019647,97669.31099733092,0.09993384387446327,1.0188503248539211,31.267952145965637
South Delhi,2023,6,7.490841659634582e-05,0.4563547522969784,-0.08489746216548574,97391.01590631984,0.08449594323698681,1.1023643056853418,31.351773755303725
South East Delhi,2023,6,0.00010131494714373058,0.33364357965510494,-0.05475915409333139,97598.6680499752,0.09386134335229315,1.0871362748318079,31.36602762373667
South West Delhi,2023,6,5.5095278493842184e-05,0.30336000668597085,0.008177445935800293,97701.96373634246,0.069955544783518,0.9999569171815343,31.57593366171602
West Delhi,2023,6,6.48414985761176e-05,0.2682907327145516,-0.008764286801172543,97708.63608063558,0.07415632459970473,0.9829562812993984,31.480127330139112
New Delhi,2023,7,6.708746881535454e-05,0.410158760352132,-0.08745680810843479,97560.04778105162,0.2819603246066712,1.2916396462285824,29.086356385265276
North Delhi,2023,7,6.044471325060563e-05,0.2418912067668179,-0.10788664672432935,97657.2279521886,0.26506662475962806,1.3484891725976187,29.135432408191434
North West Delhi,2023,7,6.437292561008376e-05,0.28835310057723246,-0.0636029339554541,97675.7908914274,0.2702822593029717,1.2789520628857756,29.227329537459184
South Delhi,2023,7,5.57509807569117e-05,0.5389583930268681,-0.13838192042994635,97366.22275669435,0.2938064229556541,1.2556308903030893,28.987313447819474
South West Delhi,2023,7,5.711797659947179e-05,0.36909819697011265,-0.09224388517855095,97671.45937320794,0.2775218817742669,1.1792092096930236,29.372114507438198
West Delhi,2023,7,6.817969173653649e-05,0.24000461484525148,-0.023765282080252286,97683.71890660435,0.27109526221248004,1.2872582053874817,29.211173389510975
Central Delhi,2023,8,6.536903228440058e-05,0.3135566096446913,-0.0832386115252038,97688.75135140833,0.05446310658183791,1.791301058749433,29.763378826743804
East Delhi,2023,8,8.104171753206561e-05,0.3207399036224788,-0.0987156795367604,97680.72738444916,0.06216753159979037,1.7481159797181494,29.64905226300459
New Delhi,2023,8,6.530370662254713e-05,0.4966621687932825,-0.1351482633383929,97609.48926920685,0.04892199550581789,1.9092499798500817,29.833079894918342
North Delhi,2023,8,4.36816274439732e-05,0.4447550825621069,-0.12049025087284412,97699.99915389248,0.04493735591525463,1.8355245623065377,29.93710991133679
North East Delhi,2023,8,6.179013203180171e-05,0.21108395329417892,-0.020559066400300273,97691.2214987293,0.05980262781158615,1.7467795333189826,29.687673335598618
North West Delhi,2023,8,4.6291698013328074e-05,0.3188344688661476,-0.048933836459182596,97723.16808824043,0.04143303675874297,1.9259323844848069,30.051496191452657
Shahdara,2023,8,7.544400932857867e-05,0.24053804479157265,-0.017592537107511914,97694.17750512667,0.062111180162312374,1.726747105018048,29.65369473701628
South Delhi,2023,8,6.021646077234415e-05,0.57028973572843,-0.16208515629273001,97420.16479020864,0.05276266874785823,1.9441863799230097,29.644157241964592
South East Delhi,2023,8,7.663766704543529e-05,0.39878352423951,-0.10069166641134378,97627.69765084964,0.06068970026011574,1.8271675775288259,29.652378823533752
South West Delhi,2023,8,4.771513171511258e-05,0.39329235895207076,-0.06944051343072578,97725.91337253654,0.036585996260605755,2.053761353871698,30.20282549770468
West Delhi,2023,8,5.556261044640765e-05,0.29590420153561187,-0.03713316479598816,97730.94196773876,0.042419533597009174,1.9180400039818941,30.03180066820636
Central Delhi,2023,9,9.521223293876723e-05,0.2758103516143094,-0.05328788839630191,97989.76746556464,0.08356666954362972,0.5176307699229485,28.800610723126056
East Delhi,2023,9,0.00011021363733089852,0.2570251554323053,-0.061345607390479555,97980.52857029006,0.09046579371060436,0.5089385943095469,28.619560074495666
New Delhi,2023,9,9.605543206886574e-05,0.4958187401050761,-0.1208259540084499,97905.65618533446,0.08723198287114722,0.5522276629050956,28.841404792659432
North Delhi,2023,9,6.309611752999285e-05,0.43964654960620825,-0.08982246595787753,98003.72395039804,0.08173575330683498,0.5244847493127809,28.9254254754548
North East Delhi,2023,9,8.348245916539686e-05,0.15616545259420986,0.009310724816569646,97992.45376018701,0.08626346480041684,0.5037302797936136,28.671410164941108
North West Delhi,2023,9,6.764879942399497e-05,0.3326221373208391,-0.033563510696202815,98023.99602060133,0.08777257224302511,0.548150835350791,29.011981417484265
Shahdara,2023,9,9.853665145237611e-05,0.14669333895575767,0.008700709484731898,97995.54925439504,0.08785229644807006,0.49842415472093327,28.629090135045544
South Delhi,2023,9,8.541494503496523e-05,0.5634372861024913,-0.13712452687345433,97710.26899174598,0.09438722826790522,0.5651006122724046,28.639216425519294
South East Delhi,2023,9,0.00011165120965134407,0.3170945840990614,-0.08845533814107147,97922.49980763267,0.09725513224243025,0.5447296240366422,28.61513214595732
South West Delhi,2023,9,6.44425072813346e-05,0.3656305663888493,-0.0598643219917657,98021.66107085212,0.08388569126766306,0.56713169447774,29.167826707710958
West Delhi,2023,9,7.978935207706698e-05,0.303285367551355,-0.0303424052974697,98031.63353535804,0.08732588288408438,0.5478870219735097,29.00471894251939
Central Delhi,2023,10,0.00012705657568022402,0.3232864789037022,-0.07389051592824065,98680.54316240895,0.005939748747733112,1.3031653583645426,25.58088430872135
East Delhi,2023,10,0.00016579394263624008,0.33082600848652943,-0.0870321865929645,98669.95263280817,0.0060806259813443245,1.2808804789181925,25.364490152598762
New Delhi,2023,10,0.0001306119015814929,0.4443777056657606,-0.10790257514748827,98596.80137905103,0.00904400003792778,1.329687212546015,25.663352224314735
North Delhi,2023,10,8.442189538287515e-05,0.3530065743631982,-0.04113750914676009,98696.41073345688,0.007265759217195908,1.3212007279292821,25.631928967115243
North East Delhi,2023,10,0.00010958173230619028,0.24239882746931943,-0.021202368735137523,98682.27324425704,0.0055109587943534405,1.2850541984730148,25.41933759854004
North West Delhi,2023,10,9.693220528536786e-05,0.29179317735856175,-0.01153488806128553,98718.94673678944,0.010300296857691111,1.3352931787275792,25.710550386445163
Shahdara,2023,10,0.00013638878991956754,0.23464432189679135,-0.028846724013286106,98685.00318577632,0.005342648700856646,1.2764577781806739,25.363275621452715
South Delhi,2023,10,0.00011382885233429239,0.5303118992444428,-0.14168361043068375,98397.55443728225,0.010288969585859661,1.3287218318606142,25.510347263315907
South East Delhi,2023,10,0.00015592540247243275,0.37080471518688685,-0.09527044404288604,98611.97162613407,0.008233373227482892,1.2964719465431187,25.40634207659599
South West Delhi,2023,10,8.50260606995102e-05,0.34546607189002565,-0.024738467965932466,98719.32403234382,0.011739692910334165,1.3123022005116993,25.85049217296927
West Delhi,2023,10,0.00011097468132890378,0.2812840756811518,-0.02959615218487979,98726.47495265638,0.009939926026179498,1.3359811326209012,25.723268532648717
Central Delhi,2023,11,0.00017367267385194211,0.22490901219401738,-0.09858042665116992,99090.84380292313,0.008981652951606451,0.763210755559525,20.972462538649836
East Delhi,2023,11,0.00019342815740777168,0.23250201405421755,-0.12075393194689225,99079.69642637992,0.007851727186766229,0.7684432720721392,20.862864089176583
New Delhi,2023,11,0.00015936700017743033,0.3184633124892461,-0.10077299766842134,99003.83972476174,0.008420216183545543,0.7512758753186785,21.02022664757766
North Delhi,2023,11,0.00011853320592626334,0.22718458227355393,-0.026671544280565625,99107.47451673866,0.01044207963951303,0.7619499852014724,20.96486571789484
North East Delhi,2023,11,0.00016617099053770456,0.15441016925633833,-0.061179959069531366,99092.74902607115,0.008542354627072575,0.7662442305334046,20.88215236499218
North West Delhi,2023,11,0.0001226652895391551,0.21082972206684858,-0.039549470817748414,99129.38539010118,0.009967746221460207,0.7511539003072077,21.017270019502007
Shahdara,2023,11,0.0001931833989773131,0.12413574593215684,-0.06055027801114055,99095.58498091494,0.00831644290583558,0.7679944013902115,20.85107826419096
South Delhi,2023,11,0.00011886053113756683,0.40154603731240873,-0.11268610541111036,98799.18421054338,0.006980929292299344,0.7463577853838991,20.937379493421076
South East Delhi,2023,11,0.00016331225301148834,0.2565738154971738,-0.10046949224806973,99018.96581814236,0.006624233437449537,0.7671860784282079,20.915406339736194
South West Delhi,2023,11,0.00010933526385990725,0.2840101578413373,-0.0649764678298068,99128.0230176126,0.009010502139893517,0.6819719970767659,21.11061688899605
West Delhi,2023,11,0.00014330478885877233,0.18405239293572795,-0.05805476247118653,99137.06658521332,0.009846869289727939,0.753779974521267,21.030357868609258
Central Delhi,2023,12,0.00023809551377943977,0.3029497512853077,-0.0706430354282186,99244.49774971807,0.0010084630428953602,1.4994815762035891,15.652223300097035
East Delhi,2023,12,0.0003156573424347768,0.28168759599065746,-0.07463640735405841,99232.22903138906,0.0012482854484035552,1.4966723205813257,15.649830148659476
New Delhi,2023,12,0.0002480802388370917,0.3926873739861684,-0.07299268723551097,99157.13317586793,0.0012986714837934306,1.4667650334381088,15.748642171730182
North Delhi,2023,12,0.00013150559140792293,0.36346882846169154,-0.05656400122866567,99262.52054947885,0.0007140021272948774,1.486138708849461,15.563277891996961
North East Delhi,2023,12,0.0002081355185756934,0.20276069336730915,-0.023997019185983345,99245.71287247821,0.001028870483302058,1.5013015455525927,15.621317638003404
North West Delhi,2023,12,0.00014518429580622562,0.33810072431789273,-0.07103146097385524,99285.96940031748,0.0008827998377704939,1.4464546615058602,15.641174141442207
Shahdara,2023,12,0.000259295174782515,0.1783134217172696,-0.020019134330841664,99248.27514155301,0.0010590360825060029,1.501748150192518,15.612031582201837
South Delhi,2023,12,0.00020595877554500607,0.4820418216383381,-0.07951242024716508,98948.32291965994,0.0018498997236014278,1.461490256638917,15.798805331346955
South East Delhi,2023,12,0.00030308556738261824,0.32802478302479676,-0.06472968809262315,99170.96855678764,0.0017917678096456564,1.4818356108236697,15.764554607080811
South West Delhi,2023,12,0.0001290476595541786,0.40527714421325994,-0.11257247363739321,99286.59842441654,0.0009280302296028933,1.3470800240643896,15.77635377747066
West Delhi,2023,12,0.00018393126542422258,0.2663729004651437,-0.04315137669018078,99293.66425281405,0.0009226635103429642,1.4541535641336063,15.654925933947084
